id,condition,mean_time_diff,max_time_diff,min_time_diff,std_time_diff,sampling_count,simulation_time,sampling_resolution
2-39-89-25,attack,0.16974276491862597,0.589876,0.013684,0.08171413015263848,2212,382.171741,5.787973737179066
2-39-89-25,normal,1.6030919306906979,31.381199536720374,0.04821018026541424,3.3242243869269497,213,404.289015,0.526850822300972
2-39-139-28,attack,0.16389037365475684,0.532747,0.010949,0.08463318921227155,2323,382.171741,6.0784190739000765
2-39-139-28,normal,1.0641427138111008,16.803730646780878,0.014294318448691001,2.0385805124181795,324,404.289015,0.8014068846268306
2-39-131-30,attack,0.16947143137254903,0.52358,0.015481,0.08587529255029873,2244,382.171741,5.871705726143682
2-39-131-30,normal,1.4187358752430042,21.677996817425566,0.019609490822958264,2.445499522731588,245,404.289015,0.6060021195480664
