id,condition,mean_time_diff,max_time_diff,min_time_diff,std_time_diff,sampling_count,simulation_time,sampling_resolution
2-39-89-25,attack,0.09320681600361655,0.392627,0.01082,0.05195871733777456,2212,211.57453,10.454944647637879
2-39-89-25,normal,0.8874895378061901,17.372981386443826,0.026689692451306257,1.840327624534143,213,233.854285,0.9108235925632066
2-39-131-30,attack,0.09201171568627452,0.400018,0.011544,0.05185469465509265,2244,211.57453,10.60619158648255
2-39-131-30,normal,0.7854279733327464,12.001180348884859,0.010856032404568339,1.3538557581031614,245,233.854285,1.0476609398027494
