id,condition,mean_time_diff,max_time_diff,min_time_diff,std_time_diff,sampling_count,simulation_time,sampling_resolution
2-39-89-25,attack,0.1087733073593074,0.327224,0.015059,0.07190451427060805,231,29.238053,7.900662879296374
2-39-89-25,normal,0.12264456474663038,2.400818995296163,0.0036883203400952524,0.25431982112163204,213,53.209588,4.00303794872458
2-39-139-28,attack,0.08590870061728394,0.365591,0.010691,0.06863666298526028,324,29.238053,11.08144923329881
2-39-139-28,normal,0.08141224933209491,1.285569587020575,0.0010935869808381682,0.1559616231982205,324,53.209588,6.089128147355699
2-39-131-30,attack,0.10153772727272732,0.363542,0.011224,0.06922412894188433,253,29.238053,8.653106963038885
2-39-131-30,normal,0.10854040281684864,1.6584753708456965,0.001500224298333741,0.1870929662931328,245,53.209588,4.6044333213029205
