id,condition,mean_time_diff,max_time_diff,min_time_diff,std_time_diff,sampling_count,simulation_time,sampling_resolution
2-39-89-25,attack,0.17006724547920427,0.542096,0.012973,0.0814486940573234,2212,383.164303,5.7729803707732135
2-39-89-25,normal,1.6072554204577507,31.462701601977926,0.048335389923309435,3.3328579368521845,213,403.756495,0.5275456931039586
2-39-139-28,attack,0.1636316823073612,0.52214,0.011144,0.08591271438593946,2323,383.164303,6.062673327896101
2-39-139-28,normal,1.0669064650438373,16.847372660851818,0.01433144311224055,2.0438750366686453,324,403.756495,0.8024638712003878
2-39-131-30,attack,0.16838987789661283,0.5742,0.01382,0.08254357709366063,2244,383.164303,5.856495457511343
2-39-131-30,normal,1.4224205624313304,21.734298091352315,0.019660419851305733,2.45185088165449,245,403.756495,0.606801384086713
