id,condition,mean_time_diff,max_time_diff,min_time_diff,std_time_diff,sampling_count,simulation_time,sampling_resolution
2-39-139-28,attack,0.09407018252260016,0.358163,0.01052,0.05215514517074498,2323,220.559398,10.532310212417247
2-39-139-28,normal,0.6141392760493578,9.697788501866611,0.008249553626370698,1.1765079474923426,324,244.592604,1.324651664446894
2-39-131-30,attack,0.09509759670231711,0.374796,0.010766,0.05162724583723509,2244,220.559398,10.174130054526174
2-39-131-30,normal,0.8187824922528746,12.510830642230303,0.011317052065862754,1.411349518233914,245,244.592604,1.001665610461386
