id,condition,mean_time_diff,max_time_diff,min_time_diff,std_time_diff,sampling_count,simulation_time,sampling_resolution
2-39-89-25,attack,0.10641819480519474,0.42165,0.010221,0.07125043935358767,231,28.747327,8.035529703335548
2-39-89-25,normal,0.12058612136533357,2.360524099384808,0.003626416262992649,0.25005136492382246,213,51.751751,4.11580276771698
2-39-139-28,attack,0.08569033950617282,0.528661,0.010967,0.0683793502518772,324,28.747327,11.270613090392718
2-39-139-28,normal,0.0800458414024786,1.2639928280906894,0.001075232421976935,0.15334399255415646,324,51.751751,6.260657731175125
2-39-131-30,attack,0.10084976284584977,0.323488,0.010254,0.06472073108840891,253,28.747327,8.800818246510364
2-39-131-30,normal,0.10671868104513213,1.630639831152486,0.0014750448149722928,0.1839528330230698,245,51.751751,4.734139333758968
