id,condition,mean_time_diff,max_time_diff,min_time_diff,std_time_diff,sampling_count,simulation_time,sampling_resolution
2-39-89-25,attack,0.1605018670886073,0.525535,0.010585,0.07720061965323514,2212,362.421053,6.1033981930404035
2-39-89-25,normal,1.520243919805483,29.759414839888194,0.04571867153597964,3.1524280146038963,213,384.44501,0.5540454277192985
2-39-139-28,attack,0.15550858588032734,0.495492,0.010204,0.08501375988278162,2323,362.421053,6.409671791334926
2-39-139-28,normal,1.0091476723855852,15.935311541872238,0.013555586110413742,1.9332263918903327,324,384.44501,0.842773326671609
2-39-131-30,attack,0.15942532620320843,0.532796,0.010273,0.07975454172238616,2244,362.421053,6.191693284440626
2-39-131-30,normal,1.3454154105927107,20.55767496818146,0.018596069647259128,2.3191157719308695,245,384.44501,0.6372822994893339
