id,condition,mean_time_diff,max_time_diff,min_time_diff,std_time_diff,sampling_count,simulation_time,sampling_resolution
2-39-89-25,attack,0.08315684764918631,0.351316,0.010324,0.043773389061611837,2212,185.920014,11.89758946554296
2-39-89-25,normal,0.7798767994133339,15.266416721281985,0.02345342794428973,1.6171782951283151,213,209.20758,1.018127545856608
