id,condition,mean_time_diff,max_time_diff,min_time_diff,std_time_diff,sampling_count,simulation_time,sampling_resolution
2-39-89-25,attack,0.10465163679245279,0.322527,0.01474,0.0610643909935833,212,27.461119,7.720005874487489
2-39-89-25,normal,0.11519087769662438,2.2549099328634625,0.003464163765263706,0.2388636094161212,213,52.342086,4.0693830964245485
2-39-139-28,attack,0.08145484259259253,0.314032,0.010955,0.06078814627510347,324,27.461119,11.798499544028049
2-39-139-28,normal,0.0764644440232162,1.2074394766283802,0.001027124556399528,0.14648310180159713,324,52.342086,6.1900475269556505
2-39-131-30,attack,0.09412167588932803,0.323364,0.010234,0.07024421632304671,253,27.461119,9.21302587851573
2-39-131-30,normal,0.10194389202528005,1.5576820220335055,0.0014090486115216905,0.17572244675248075,245,52.342086,4.680745815136217
