id,condition,mean_time_diff,max_time_diff,min_time_diff,std_time_diff,sampling_count,simulation_time,sampling_resolution
2-39-89-25,attack,0.09041380198914997,0.395969,0.0142,0.04945210897544284,2212,203.895903,10.848673109434671
2-39-89-25,normal,0.8552800789114161,16.74246766655304,0.025721049424760167,1.7735370265042485,213,226.870636,0.9388610344443166
2-39-131-30,attack,0.08929099064171137,0.388527,0.01098,0.05047886417679237,2244,203.895903,11.005615939227576
2-39-131-30,normal,0.7569226119237522,11.565624200142295,0.010462036853525092,1.3047205744953971,245,226.870636,1.079910579525153
