id,condition,mean_time_diff,max_time_diff,min_time_diff,std_time_diff,sampling_count,simulation_time,sampling_resolution
2-39-89-25,attack,0.09627886147186152,0.305828,0.014099,0.06328940660508837,231,27.329391,8.452438621848543
2-39-89-25,normal,0.11463831958938844,2.2440933752557335,0.003447546548592584,0.23771780667074993,213,52.037656,4.0931897470554786
2-39-139-28,attack,0.08084085758513926,0.385531,0.011322,0.06577499816312073,323,27.329391,11.81877781323411
2-39-139-28,normal,0.07609765240477231,1.2016475208316297,0.0010221975516575554,0.14578043830000706,324,52.037656,6.226260460309742
2-39-131-30,attack,0.09824604918032788,0.301353,0.016573,0.06213636791864347,244,27.329391,8.928116985848678
2-39-131-30,normal,0.10145487826700218,1.5502099908537694,0.0014022895586398576,0.17487952529447998,245,52.037656,4.708129051777428
