id,condition,mean_time_diff,max_time_diff,min_time_diff,std_time_diff,sampling_count,simulation_time,sampling_resolution
2-39-89-25,attack,0.17018295886075988,0.57955,0.01502,0.08214463468356237,2212,382.849363,5.777729346777051
2-39-89-25,normal,1.6059343448299959,31.43684099031617,0.04829566088909587,3.3301185107876634,213,403.764001,0.5275358859939572
2-39-139-28,attack,0.16444288334050794,0.603011,0.011183,0.0858587742266032,2323,382.849363,6.067660611466135
2-39-139-28,normal,1.0660295265621726,16.833525046383897,0.014319663453619569,2.042195083711105,324,403.764001,0.8024489533429208
2-39-131-30,attack,0.16893306105169342,0.566201,0.01174,0.08287223577487063,2244,382.849363,5.861313134795526
2-39-131-30,normal,1.4212514108991423,21.71643369274497,0.01964426006664155,2.4498355949729738,245,403.764001,0.6067901036080727
