id,condition,mean_time_diff,max_time_diff,min_time_diff,std_time_diff,sampling_count,simulation_time,sampling_resolution
2-39-89-25,attack,0.10458434199134198,0.346762,0.010698,0.07141830870022003,231,28.588435,8.080190468628311
2-39-89-25,normal,0.11991961870246058,2.3474770291233042,0.0036063723635075817,0.2486692829836311,213,51.87778,4.1058040648616805
2-39-139-28,attack,0.08432810802469133,0.369761,0.010975,0.06400804565800564,324,28.588435,11.333254163790357
2-39-139-28,normal,0.07960341265659476,1.2570064968592298,0.0010692894057786617,0.15249643084294356,324,51.87778,6.2454484366910075
2-39-131-30,attack,0.09844318577075103,0.334153,0.015477,0.06812086527893105,253,28.588435,8.849732418021484
2-39-131-30,normal,0.10612882638947586,1.6216269714855205,0.0014668919588576301,0.18293609036923283,245,51.87778,4.722638478362027
