id,condition,mean_time_diff,max_time_diff,min_time_diff,std_time_diff,sampling_count,simulation_time,sampling_resolution
2-39-89-25,attack,0.10156764502164496,0.313088,0.011371,0.0653533884510869,231,27.553221,8.3837748044049
2-39-89-25,normal,0.11557721702305948,2.2624726878493995,0.0034757822434148267,0.23966473540645106,213,52.198878,4.0805474784343065
2-39-139-28,attack,0.08221408359133123,0.403133,0.010702,0.06570420050023419,323,27.553221,11.722767367198195
2-39-139-28,normal,0.0767208985480091,1.2114891146156896,0.001030569435172879,0.14697439229278692,324,52.198878,6.207029967195846
2-39-131-30,attack,0.09390711067193677,0.404044,0.011652,0.06508884905061492,253,27.553221,9.182229547681558
2-39-131-30,normal,0.10228580221267308,1.562906340445048,0.001413774427509118,0.17631180324559362,245,52.198878,4.6935874751943905
