id,condition,mean_stat,max_stat,min_stat,std_stat,sampling_count,simulation_time,sampling_resolution
2-39-89-25,attack,0.18114615737270268,1.3690858015654312,0.0241457441975324,0.058779375383847955,2044,211.57453,9.660898218703357
2-39-89-25,normal,0.18589531318170294,0.22858378464491766,0.1525400022630371,0.0032861850559736737,2040,233.854285,8.723380886520852
2-39-131-30,attack,0.18097622202922953,1.4023435612638449,0.021519128862327624,0.054626662154932525,2049,211.57453,9.684530552897836
2-39-131-30,normal,0.1864366215059494,0.38055514834281456,0.07886213377211292,0.01761175177693159,2092,233.854285,8.945741575785108
