id,condition,mean_stat,max_stat,min_stat,std_stat,sampling_count,simulation_time,sampling_resolution
2-39-89-25,attack,0.1824157633565547,0.2333329420152227,0.15198204410697105,0.009006952630108853,255,29.238053,8.721510970651842
2-39-89-25,normal,0.18385217746515609,0.6189773659598904,0.04143019020180529,0.032138179468853056,434,53.209588,8.156424740593744
2-39-139-28,attack,0.18431049338521052,0.7385536913137747,0.14075531921784673,0.03511352352586325,282,29.238053,9.644965073426743
2-39-139-28,normal,0.18377846408096357,0.6277592847695421,0.1358946774300835,0.02184465242748953,497,53.209588,9.340421880357352
2-39-131-30,attack,0.18859889491722373,1.121430160673284,0.041237106630768634,0.08778295481684543,260,29.238053,8.89252098968423
2-39-131-30,normal,0.18298741468310442,0.2681131871966911,0.13209051848532288,0.011349294600794145,459,53.209588,8.626264875420572
