id,condition,mean_stat,max_stat,min_stat,std_stat,sampling_count,simulation_time,sampling_resolution
2-39-89-25,attack,0.9962016664557665,190.78287706865763,0.00018087570363490457,8.091443367103825,3720,382.171741,9.733843717136585
2-39-89-25,normal,0.18524925311276683,0.23966910197715774,0.1294195941187751,0.0030062379056888864,3569,404.289015,8.827843121089995
2-39-139-28,attack,1.7372967029406343,453.58926455595054,0.00014208215131238919,13.981088373425278,3774,382.171741,9.875141448514373
2-39-139-28,normal,0.18491817034514466,0.22728182888235424,0.14452319175171358,0.003615076602218624,3677,404.289015,9.094978749298939
2-39-131-30,attack,2.4897584520395672,294.2933424580614,0.00020596677280409838,15.729605894847447,3762,382.171741,9.843741952652643
2-39-131-30,normal,0.18578724015684153,0.7995695144048813,0.04576263275681917,0.01660129673263409,3647,404.289015,9.020774408129787
