id,condition,mean_stat,max_stat,min_stat,std_stat,sampling_count,simulation_time,sampling_resolution
GS_1,attack,0.2079776140868539,0.500097803271081,0.05943559537004239,0.034140271350755945,2053,211.57453,9.70343642025342
GS_1,normal,0.2994055394313562,3.430556890255622,0.005911797853229232,0.4124143075431395,1474,233.854285,6.303070307221439
