id,condition,mean_stat,max_stat,min_stat,std_stat,sampling_count,simulation_time,sampling_resolution
GS_1,attack,0.21857141564516874,5.662341502863661,0.09137464336382158,0.3615326458705862,236,28.092611,8.40078553040157
GS_1,normal,0.21113473129274285,2.583682135274492,0.01979347013536735,0.15194724947175411,418,51.892716,8.055080408587594
