id,condition,mean_stat,max_stat,min_stat,std_stat,sampling_count,simulation_time,sampling_resolution
GS_1,attack,0.19831891608859314,0.6822461128468891,0.06553059849372496,0.03811914674281516,3739,382.171741,9.783559585584324
GS_1,normal,0.36814269443505954,7.325810771680904,0.0055409033474283125,0.6075358612498324,2464,404.289015,6.094649888026267
