id,condition,mean_stat,max_stat,min_stat,std_stat,sampling_count,simulation_time,sampling_resolution
GS_1,attack,0.36814269443505954,7.325810771680904,0.0055409033474283125,0.6075358612498324,2464,29.238053,84.27373737916133
GS_1,normal,0.2164418335185226,1.5166516272634303,0.0186135851447417,0.19246140392905764,421,53.209588,7.912107870483794
