id,condition,mean_stat,max_stat,min_stat,std_stat,sampling_count,simulation_time,sampling_resolution
2-39-89-25,attack,0.18050344668850968,1.0283743840149129,0.12704553637898977,0.022213395143474046,1989,203.895903,9.754977764315353
2-39-89-25,normal,0.18613733558485157,0.22906278489937962,0.14747015899037458,0.0039745634901072946,1975,226.870636,8.705401610457866
2-39-131-30,attack,0.17992762197121082,0.2825018018951739,0.04036304132027822,0.012265857598607035,1994,203.895903,9.779500081470495
2-39-131-30,normal,0.18592497650249032,0.22945390054812537,0.1575147665937757,0.0035301049550904096,2026,226.870636,8.930199322930449
