id,condition,mean_stat,max_stat,min_stat,std_stat,sampling_count,simulation_time,sampling_resolution
2-39-89-25,attack,0.181040362520909,0.2089174447955095,0.08974151846529854,0.010226563834769232,229,27.329391,8.379257335079291
2-39-89-25,normal,0.18412376969445785,0.2892205983003644,0.14735233592397326,0.012517063087557711,409,52.037656,7.859692988477422
2-39-139-28,attack,0.1808363750811223,0.22414581330006925,0.1077012035977235,0.00996702459187321,262,27.329391,9.586748566771941
2-39-139-28,normal,0.18643619214996265,1.4334564755509775,0.02743914797317676,0.06698068545645999,475,52.037656,9.128005304466443
2-39-131-30,attack,0.18843181203124248,1.3830550504315413,0.13005011715718368,0.09266451443101556,241,27.329391,8.8183450556948
2-39-131-30,normal,0.18425907472641426,0.32528402023476916,0.11510095052802272,0.012431855413632837,435,52.037656,8.359331173564005
