id,condition,mean_stat,max_stat,min_stat,std_stat,sampling_count,simulation_time,sampling_resolution
GS_1,attack,0.1941160765520814,0.7524412060198474,0.06409870688058097,0.08842158034854909,242,28.588435,8.464961443324897
GS_1,normal,0.24194414899926167,2.921849382446169,0.02634719326263314,0.27800259102549635,411,51.87778,7.922466998395074
