id,condition,mean_stat,max_stat,min_stat,std_stat,sampling_count,simulation_time,sampling_resolution
2-39-89-25,attack,0.9799276342648421,280.1603083205249,0.00023516415294903793,9.431945993470674,3730,382.849363,9.742735290903436
2-39-89-25,normal,0.18712966603612516,0.6884316896933953,0.07481274752816859,0.03058386766491714,3565,403.764001,8.82941518107257
2-39-139-28,attack,3.8340093296533486,1642.9138438880707,5.0209456340908956e-05,34.391223140474494,3781,382.849363,9.87594695305788
2-39-139-28,normal,0.18507044087226254,0.22057502686480288,0.14661312108722524,0.0027941607252393863,3676,403.764001,9.104328248421533
2-39-131-30,attack,2.655851778499657,380.3047772797757,0.00011781328472927444,17.093902821577146,3753,382.849363,9.802811138541715
2-39-131-30,normal,0.18521650610054013,0.23052484215069488,0.14606775485208856,0.003533956737675393,3647,403.764001,9.03250411370874
