id,condition,mean_stat,max_stat,min_stat,std_stat,sampling_count,simulation_time,sampling_resolution
2-39-89-25,attack,0.19343715836841618,1.5400773834119317,0.06117806242242249,0.1347450016937025,245,28.588435,8.569898981878511
2-39-89-25,normal,0.18245676026556565,0.2269462831530757,0.03909445225573094,0.011446276551792364,409,51.87778,7.883914847551302
2-39-139-28,attack,0.17621609655834758,0.2279183231766842,0.045105967732776114,0.013995257012138858,277,28.588435,9.689232726450399
2-39-139-28,normal,0.183480595978312,1.368237255089102,0.10305388156019175,0.05560049048773956,481,51.87778,9.271792277927082
2-39-131-30,attack,0.18192820558963427,1.2659088995270047,0.03595879370547509,0.07383949081486045,252,28.588435,8.814753238503611
2-39-131-30,normal,0.18238085335995707,0.2990706332820999,0.029833723212220498,0.014484196158103525,437,51.87778,8.423644959364106
