id,condition,mean_stat,max_stat,min_stat,std_stat,sampling_count,simulation_time,sampling_resolution
GS_1,attack,0.19760294024738678,0.8302067086617183,0.02483739635569237,0.0558972124032214,3729,382.849363,9.740123297527859
GS_1,normal,0.2952716008834261,6.062196095507656,0.00711847698437511,0.4277820322718935,2478,403.764001,6.137248476493079
