id,condition,mean_stat,max_stat,min_stat,std_stat,sampling_count,simulation_time,sampling_resolution
GS_1,attack,0.18171472176156683,0.5402879139090753,0.06492725931552377,0.04338805026172372,235,27.329391,8.598801195387047
GS_1,normal,0.2127812133939751,1.8451734700623654,0.031328905193976755,0.161125085146454,411,52.037656,7.898126695022543
