id,condition,mean_stat,max_stat,min_stat,std_stat,sampling_count,simulation_time,sampling_resolution
GS_1,attack,0.20512715419324404,0.44457408203247656,0.06600934493974801,0.036677454970730834,1988,203.895903,9.750073300884324
GS_1,normal,0.29364528866829886,3.812307934280253,0.00776213008598809,0.38227890253164737,1440,226.870636,6.347229528637633
