id,condition,mean_stat,max_stat,min_stat,std_stat,sampling_count,simulation_time,sampling_resolution
2-39-89-25,attack,0.18091228709106968,0.7939197249201894,0.046273328603275675,0.018822331679245845,1831,185.920014,9.848321117273581
2-39-89-25,normal,0.1825952046993247,0.2388748000616436,0.14255031045793284,0.0038992016717655452,1818,209.20758,8.689933701254992
