id,condition,mean_stat,max_stat,min_stat,std_stat,sampling_count,simulation_time,sampling_resolution
GS_1,attack,0.31142511718767585,3.6954098491181973,0.022339496925538046,0.44913287637693294,1105,185.920014,5.9434160756894086
GS_1,normal,0.3584032712226201,6.274642939345116,0.006062586122356441,0.47168305870290833,1394,209.20758,6.6632384926014625
