id,condition,mean_stat,max_stat,min_stat,std_stat,sampling_count,simulation_time,sampling_resolution
GS_1,attack,0.20444966599899472,1.1168860593153136,0.011483642394110994,0.05955520481902602,1996,362.421053,5.507406326088899
GS_1,normal,0.3791964402948209,4.725079140464413,0.006863873614601945,0.5152643253626784,2344,384.44501,6.097100857155097
