id,condition,mean_stat,max_stat,min_stat,std_stat,sampling_count,simulation_time,sampling_resolution
GS_1,attack,0.2228760231301875,1.0645582512132323,0.041388680877124766,0.12243834734100038,227,27.461119,8.266232705229529
GS_1,normal,0.2228760231301875,1.0645582512132323,0.041388680877124766,0.12243834734100038,227,52.342086,4.336854285860904
