id,condition,mean_stat,max_stat,min_stat,std_stat,sampling_count,simulation_time,sampling_resolution
2-39-89-25,attack,0.1827484881667043,1.2143436398294891,0.03760631327798298,0.08525820289369691,248,28.747327,8.62688903215245
2-39-89-25,normal,0.1847371872524728,0.2786002736392954,0.1507870656253206,0.008943761453484547,420,51.751751,8.115667429301087
2-39-139-28,attack,0.18055955732230686,1.3458473371869157,0.12514848544842605,0.07121473495213503,280,28.747327,9.74003600404309
2-39-139-28,normal,0.1857619294418878,1.0060181584804684,0.14311563564802382,0.03877627648371406,483,51.751751,9.33301754369625
2-39-131-30,attack,0.17673767678268903,0.22038950085803122,0.14455708321836708,0.011867308391339378,256,28.747327,8.90517577512511
2-39-131-30,normal,0.185549419404654,0.5860834409829613,0.02571383232883567,0.02353750796908441,448,51.751751,8.656711924587826
