id,condition,mean_stat,max_stat,min_stat,std_stat,sampling_count,simulation_time,sampling_resolution
2-39-89-25,attack,0.17918166669852967,0.2352392740603905,0.12761345639757712,0.009913194064230113,224,27.461119,8.15698733908112
2-39-89-25,normal,0.1882385644589147,1.2021511097411512,0.11202830239544075,0.0615907797413345,426,52.342086,8.138766192849097
2-39-139-28,attack,0.18174341680009456,0.33882581126593936,0.14779912062910874,0.013267668111005201,267,27.461119,9.7228375872083
2-39-139-28,normal,0.18367809469000584,0.21872430500226525,0.04438908745898449,0.010870437539553034,491,52.342086,9.380596715232175
2-39-131-30,attack,0.18139180236274793,0.9545375571375403,0.03478510092125073,0.05385739241237612,242,27.461119,8.812459535971568
2-39-131-30,normal,0.18573799250909337,0.3206423654454644,0.15184192339000607,0.013654516207519403,446,52.342086,8.52086789204389
