id,condition,mean_stat,max_stat,min_stat,std_stat,sampling_count,simulation_time,sampling_resolution
GS_1,attack,0.19474460012290384,1.8214095773096255,0.03222961762576606,0.10986886767959168,244,28.747327,8.487745660666121
GS_1,normal,0.2369112697575913,2.44270075941186,0.010359106749424783,0.2456564971430048,418,51.751751,8.077021393923463
