id,condition,mean_stat,max_stat,min_stat,std_stat,sampling_count,simulation_time,sampling_resolution
2-39-89-25,attack,1.7037454383253106,144.8645038167939,0.0001347238170293237,10.461994132001353,3523,362.421053,9.720737718843282
2-39-89-25,normal,0.18754797642343526,0.2758767613459944,0.11396141325478484,0.007242230843331674,3395,384.44501,8.830911864352199
2-39-139-28,attack,0.7581363722850768,160.29117401685798,0.0003477741785869917,6.314815214718269,3580,362.421053,9.878013350399929
2-39-139-28,normal,0.18778449962358285,0.7080906232038686,0.057990159340063116,0.01524416643002082,3501,384.44501,9.106634002090441
2-39-131-30,attack,2.28690116204151,436.9079014617193,9.611161924497554e-05,16.54590878564442,3546,362.421053,9.784199815787192
2-39-131-30,normal,0.19125170830842503,1.0402905876116597,0.01504656488580065,0.04254877521277875,3455,384.44501,8.986980998921016
