id,condition,mean_stat,max_stat,min_stat,std_stat,sampling_count,simulation_time,sampling_resolution
2-39-89-25,attack,2.3615111978186225,705.7177482070337,0.00012854473416921695,21.188871196036207,3724,383.164303,9.71906821914984
2-39-89-25,normal,0.18286254253530224,0.212293802518298,0.13172037820749685,0.0027908991568820437,3567,403.756495,8.834532804233898
2-39-139-28,attack,2.553855139772906,985.6677189129838,8.830341459684786e-05,22.931047070347176,3769,383.164303,9.836511309875336
2-39-139-28,normal,0.18303577936164103,0.22915708064099466,0.1401743326876356,0.0031150151872963816,3679,403.756495,9.111927722673538
2-39-131-30,attack,1.3490028201431181,154.78780371738887,0.00010276435218635984,9.570794029914474,3744,383.164303,9.771265148361172
2-39-131-30,normal,0.18311025332010158,0.22901315251569793,0.13451345679320775,0.0037554315187433678,3652,403.756495,9.04505573340684
