id,condition,mean_stat,max_stat,min_stat,std_stat,sampling_count,simulation_time,sampling_resolution
GS_1,attack,0.1921307999577979,0.45177668729992804,0.06575730676399501,0.03163712959455718,243,28.916337,8.403554018615845
GS_1,normal,0.2209522613382394,2.0026437381001467,0.018549922565612158,0.21945624530278002,454,53.781141,8.44162082764291
