id,condition,mean_stat,max_stat,min_stat,std_stat,sampling_count,simulation_time,sampling_resolution
GS_1,attack,0.18797870152499763,0.5879741020738942,0.08039468520491114,0.04571213624799463,250,27.553221,9.073349355416559
GS_1,normal,0.21178182161952083,3.54911183296905,0.021093085721863535,0.21247874459643332,415,52.198878,7.950362457982334
