id,condition,mean_stat,max_stat,min_stat,std_stat,sampling_count,simulation_time,sampling_resolution
GS_1,attack,0.20204453701987185,0.558925236958423,0.05975313035555185,0.03167270561059772,3735,383.164303,9.747776530216072
GS_1,normal,0.2752712767499184,5.306078160807747,0.005667679706836221,0.3618165507726499,2553,403.756495,6.32311809621787
