id,condition,mean_stat,max_stat,min_stat,std_stat,sampling_count,simulation_time,sampling_resolution
2-39-89-25,attack,0.18644488395613365,1.1935777620270276,0.03851274533134492,0.0794983421188364,244,28.916337,8.438136545441424
2-39-89-25,normal,0.18058384145925288,0.23282283230141917,0.14822957670354486,0.006961590283881363,432,53.781141,8.032555501193253
2-39-139-28,attack,0.1789580362337875,0.37830821210511584,0.06087841480134557,0.019883794915092567,280,28.916337,9.683107511162289
2-39-139-28,normal,0.18325857088147288,0.7540315047025721,0.045958940369227964,0.029591455562844635,504,53.781141,9.371314751392129
2-39-131-30,attack,0.18276333313692933,0.8998366679608724,0.145873134696111,0.04738944023249321,243,28.916337,8.403554018615845
2-39-131-30,normal,0.18007517448115645,0.23002070059957494,0.10446287105607603,0.008836641318128152,460,53.781141,8.553184098492816
