id,condition,mean_stat,max_stat,min_stat,std_stat,sampling_count,simulation_time,sampling_resolution
2-39-139-28,attack,0.1794969600210615,0.3484654944751712,0.038242450931926415,0.01405219301921076,2171,220.559398,9.843153452930625
2-39-139-28,normal,0.18569410863203245,0.2363692430951931,0.15037788348752326,0.0041519438143806965,2226,244.592604,9.100847546477734
2-39-131-30,attack,0.18012562999789652,0.916939330462584,0.0441149961373237,0.02841562470593504,2125,220.559398,9.634592854664938
2-39-131-30,normal,0.1876354703775238,1.2687810269080266,0.14075487970267217,0.029733221756178072,2195,244.592604,8.974106183521396
