id,condition,mean_stat,max_stat,min_stat,std_stat,sampling_count,simulation_time,sampling_resolution
GS_1,attack,0.20012119475184664,0.48018017640146327,0.08230646333157217,0.03960815497444801,2124,220.559398,9.630058928615684
GS_1,normal,0.2772924589480042,4.940669223487147,0.004582549781913362,0.3707905644042886,1551,244.592604,6.341156578880039
