id,condition,mean_stat,max_stat,min_stat,std_stat,sampling_count,simulation_time,sampling_resolution
2-39-89-25,attack,0.17575982005107157,0.2082497579868851,0.05094897208480555,0.014105939803303744,238,27.553221,8.637828586356564
2-39-89-25,normal,0.18794322857189524,1.4478073999945718,0.14794639967238757,0.07705930884246395,410,52.198878,7.854574958488572
2-39-139-28,attack,0.17939984254062238,0.5862397370102292,0.0319981869001218,0.03079307311621525,267,27.553221,9.690337111584885
2-39-139-28,normal,0.18175156227132128,0.2020692408649983,0.14371134478217928,0.007145989816226519,478,52.198878,9.15728495160375
2-39-131-30,attack,0.17615740850242206,0.2234156337419128,0.12280198654631201,0.010523363386888335,242,27.553221,8.78300217604323
2-39-131-30,normal,0.18384394413967187,0.7329173397626574,0.13442960221952557,0.027732654532261976,436,52.198878,8.35266995585614
